Name,AR,BR,JR,Rating,Reddit,Rating Notes,Epnum,Year,Availability,IMDB,Plot/War
Rambo: First Blood Part II (1985) (LIVE at SF Sketchfest) (MaxFunDrive 2018),0.0,0.0,0,,,,Bonus,1985,,,
Starship Troopers (1997),0.0,0.0,0,,,,Bonus,1997,,,
Wonder Woman (2017),0.0,0.0,0,,,,Bonus,2017,,,
Terminator 2: Judgment Day (1991),0.0,0.0,0,,,,Bonus,1991,,,
Commando (1985) LIVE (post-MaxFunDrive 2019),0.0,0.0,0,,,,Bonus,1985,,,
Triple Frontier (2019) (post-MaxFunDrive 2019),0.0,0.0,0,,,,Bonus,2019,,,
Edge of Tomorrow (2014) (post-MaxFunDrive 2019),0.0,0.0,0,,,,Bonus,2014,,,
Spy Game (2001) (post-MaxFunDrive 2019),0.0,0.0,0,,,,Bonus,2001,,,
Lord of War (2005) (post-MaxFunDrive 2019),0.0,0.0,0,,,,Bonus,2005,,,
Rogue One: A Star Wars Story (2016),0.0,0.0,0,,,,Bonus,2016,,,
Rocky IV (1985) (post-MaxFunDrive 2019),0.0,0.0,0,,,,Bonus,1985,,,
Rambo III (1988),0.0,0.0,0,,,,Bonus,1988,,,
Outbreak (1995),0.0,0.0,0,,,,Bonus,1995,,,
7 Days in Entebbe (2018),2.0,2.0,2,,,,Bonus,2018,,,"War against terrorism (hijacking), Operation Entebbe, 1976"
Saving Private Ryan (1998),0.0,0.0,0,,,,1,1998,,,World War II: D-Day and subsequent rescue mission
"Run Silent, Run Deep (1958)",0.0,0.0,0,,,,2,1958,,,"World War II, submarine warfare in the Pacific Ocean"
Flying Leathernecks (1951),0.0,0.0,0,,,,3,1951,,,World War II: United States Marine Corps aviators
First Blood (1982),0.0,0.0,0,,,,4,1982,,,Vietnam War: veteran John Rambo vs. small-town sheriff
Master and Commander: The Far Side of the World (2003),0.0,0.0,0,,,,5,2003,,,Napoleonic Wars: French vs. British Naval warfare
Stalag 17 (1953),0.0,0.0,0,,,,6,1953,,,World War II: Luftwaffe POW camp
Braveheart (1995),0.0,0.0,0,,,,7,1995,,,"First War of Scottish Independence ca. 1280, William Wallace vs. English King Edward I"
Zulu (1964),0.0,0.0,0,,,,8,1964,,,Anglo-Zulu War: Battle of Rorke's Drift
Fires on the Plain (1959),0.0,0.0,0,,,,9,1959,,,"World War II: Japanese soldiers, Battle of Leyte"
Fury (2014),0.0,0.0,0,,,,10,2014,,,World War II: US tank crews in Nazi Germany
Enemy at the Gates (2001),0.0,0.0,0,,,,11,2001,,,World War II: dueling snipers at Battle of Stalingrad
MASH (1972),0.0,0.0,0,,,,12,1972,,,Korean War: Mobile Army Surgical Hospital
Three KingsThree Kings (1999),3.0,3.5,2.5,Nerf footballs with explosives strapped to them,,John gave 2 + 1 Nerf baseball with an M-80 taped to it.,,,,,
,,,,,,,,,,,
Ben gave 3 + 2 M-80 strapped baseballs,,,,,,,,,,,
,,,,,,,,,,,
Conversion rate: 4 baseballs per football,13.0,1999.0,hdfy,,Gulf War I: Gold heist after end of war,,,,,,
Force 10 from Navarone (1978),3.5,3.5,3.5,Pieces of exploding dog poop,,A:3.5; B:3.5; J:3.5,14,1978,Prime,,World War II: Hunting German spy in Yugoslavia (Sequel to Guns of Navarone)
Red Dawn (1984),2.0,2.5,4,Daughters in a cellar,,A:2; B:2+1 leg; J:4,15,1984,hdfy,,World War III: Invasion of central US by Nicaragua & Cuba via Mexico
Red Dawn (2012),1.0,1.5,2,Various Subway sandwiches,,"A:1 6"" sub; B:1 Italian sub+0.5 meatball subs; J:2 meatball sandwiches eaten in the bathtub at 2 am after smoking a really furry bowl of weed acquired at a bus stop for a 64-oz Mountain Dew",16,2012,hdfy,,World War III: Invasion of Washington state by North Korea
Glory (1989),5.0,4.0,5,Peaceful pelicans,,A:5; B:4; J:5,17,1989,hdfy,,"American Civil War: 54th Massachusetts Infantry, African-American regiment"
The Battle of Algiers (1966),3.5,4.0,3.75,Baskets containing explosives,,"A:3.5; B:4; J:3.75 (1 (2?) basket with a bomb + 1 basket with dog, smaller basket in dog's mouth)",18,1966,Youtube,,Algerian War: French Army vs. FLN
Rescue Dawn (2006),3.5,3.5,2.5,Fantasy fridges,,A:3.5; B:3.5; J:2.5,19,2006,hdfy,,Vietnam War: Escape of downed pilot/POWs
From Here to Eternity (1953),4.0,4.0,3.5,Pineapple Hawaiian (aloha) shirts,,B:4; J:3.5; A:4,20,1953,Youtube,,World War II: Pearl Harbor and preceding drama
The African Queen (1951),4.0,4.5,3.5,Bottles of Charlie's gin,,A:4; B:4+a G&T on the side; J:3+1 broken boiler,21,1951,Prime,,"World War I: Novel adaptation, Brits/Canadians vs. Germans in Africa"
Clear and Present Danger (1994),4.0,4.0,2.5,Cutter's get-out-of-jail letter,,A:4; J:2.5; B:4,22,1994,popcornflix,,"War on drugs, Colombian cartels"
The Dirty Dozen (1967),4.0,3.0,4.5,Donald Duck figurines,,B:3; J:4.5; A:4,23,1967,Netflix,,"World War II: Army convicts, suicide mission to support D-Day invasion"
Apocalypse Now (1979),4.5,4.5,4.5,Puppy that survives the sampan massacre,,A:4.5; B:4.5; J:4.5,24,1979,,,Vietnam War: Seek and destroy renegade Colonel
The Last Of The Mohicans (1992),4.0,4.0,2.5,Monroe's carved-out heart,,A:4; B:4; J:2.5,25,1992,N/a,https://www.imdb.com/title/tt0104691/?ref_=nv_sr_srsg_0,French and Indian War (Seven Years' War)
Paradise Now (2005),4.0,3.0,4.5,Pieces of pita bread,,A:4; B:3; J:4.5,26,2005,Youtube,,Palestine
Mongol (2007),4.0,4.0,4,Height-measuring wagon wheels,https://www.reddit.com/r/FriendlyFirePodcast/comments/8yiza3/friendly_fire_ep_27_mongol/,B:4; J:4; A:4,27,2007,Youtube,https://www.imdb.com/title/tt0416044/?ref_=fn_al_tt_1,"Rise of Genghis Khan, wars of Mongol consolidation/expansion"
Operation Dumbo Drop (1995),1.0,2.5,1.5,Tranquilizer suppositories,,A:1 (broken); B:2.5; J:1.5,28,1995,hdfy,,Vietnam War: Deliver elephant to village
The Siege (1998),3.0,3.5,4,Oranges eaten weirdly like an apple,,A:3; B:3+1 peel; J:4 (should watch) or 2(good movie),29,1998,123,,(pre-)War on Terror: Islamic terrorism and US response in NYC
Platoon (1986),4.5,4.5,5,Tiny spaghetti-strapped gym backpacks full of explosives,,A:4.5; CB:4.5; B:4.5; J:5,30,1986,Prime,,Vietnam War: Infantry experience
The Enemy Below (1957),4.0,4.0,4.5,Dismembered fingers,,A:4; B:4; J:4.5,31,1957,Youtube,,World War II: Anti-submarine warfare
Paisan (1946),1.0,2.5,2.5,Cans of eggs,,A:1; B:2.5; J:2.5,32,1946,kanopy,,World War II: Italian campaign
Star Wars (1977),5.0,4.5,4.5,Medals,,A:5; B:4.5; J:4.5,33,1977,N/a,,Galactic Empire vs Rebel Alliance (SciFi)
Aliens (1986),5.0,5.0,4,Ripley's Reeboks,,A:5; B:5; J:4,34,1986,N/a,,Marines vs. Hostile xenomorphs (SciFi)
Kelly�s Heroes (1970),4.0,3.75,1,Michelin Guides,,"A:4; B:3+.75 (missing leather binding); J:1 (that has spent 7 years in a youth hostel, middle 30 pages torn out by some inconsiderate French guy, notes in the margins by a sorority girl, giant Sharpie dick on cover)",35,1970,hdfy,,World War II (Comedy)
Army of Shadows (L�arm�e des ombres) (1969),4.0,4.5,4.5,Cyanide capsules,,A:4; B:4.5; J:4.5,36,1969,hdfy,,"World War II, French Resistance"
Dr. Strangelove (1964),5.0,5.0,5,Giant phallic cigar,,"A:5 (unsmoked, unlit, unpunched); B:5; J:5",37,1964,hdfy,,Cold War/World War III (Political satire)
Sands of Iwo Jima (1949),3.0,2.5,2,Non-martial cans of formula,,A:3; B:2.5; J:2,38,1949,Dailymotion,,"World War II, Battle of Iwo Jima"
Sicario (2015),4.5,4.5,2.5,Cans of sand,https://www.reddit.com/r/FriendlyFirePodcast/comments/9lkx2e/friendly_fire_ep_39_sicario/,,39,2015,N/a,,War on drugs
U-571 (2001),2.0,3.0,2,The raw eggs of fear,,A:2; B:3; J:2,40,2001,N/a,,"World War II, Submarine warfare, Enigma heist"
Von Ryan�s Express (1965),3.0,3.0,2.75,Pilot's watches,,A:3; B:3; J:2.75 (2+1 bought on eBay but it's been overwound and the spring is sprung),41,1965,,,"World War II, POW camp"
Downfall (Der Untergang) (2004),4.5,4.5,4.8,Hitler's birthday cake,,A:4.5; B:4.5; J:4.8 (dinged by a dad-swipe at frosting),42,2004,Prime,,"World War II, Hitler's final ten days in Berlin"
RAN (?) (1985),4.0,4.0,5,Antagonistic salted fox heads OR Lady Sue's actual salted head,,A:4 (Sue); B:4 (Sue) + 1 (fox); J:5 (Sue) + 4 (fox)!!,43,1985,N/a,,"War of succession, Sengoku period, Japan"
All Quiet on the Western Front (1930),4.5,4.5,4.5,Franz's fancy boots from home,,A:4.5; J:4.5; B:4.5,44,1930,N/a,,World War I
Biloxi Blues (1988),1.0,2.0,2,The dance gloves of unsatisfying chastity,,A:1+1 middle finger; B:2; J:2,45,1988,N/a,,"World War II, boot camp"
The Deer Hunter (1978),3.0,3.5,3,The Cadillac Coupe De Ville,,"A:3; B:3.5; J:3 (1 really nice stock one; 1 battered one; 1 in parts: a GM390 motor on a pallet, fenders & pitted chrome, motor needs rebuild, stripped to the frame in a chop shop)",46,1978,N/a,,Vietnam War and after
Valkyrie (2008),4.0,3.0,2.5,von Stauffenberg's glass eye,,A:4; B:3; J:2.5,47,2008,N/a,,"World War II, Hitler assassination attempt"
Pearl Harbor (2001),2.0,0.5,0.5,Sparks flying at Affleck's plane from out of frame during water landing,,A:2; B:0.5; J:0.5 in the process of being extinguished by a stream of piss,48,2001,N/a,,"World War II, Pearl Harbor"
Courage Under Fire (1996),4.0,4.0,4,"Denzel Washington's Alka-Seltzer coffee (""Colombian Rabies"")",,A:4; B:4; J:4 (3+1 where the package of Alka-Seltzers was damaged from being in a first-aid kit but was still a complete package),49,1996,N/a,,"Gulf War, Medal of Honor investigation"
Black Book (2006),4.0,3.0,4,M�ntze's gun-boner,,A:4; J:3+1 Luger with half-empty clip so it's a less effective gun-boner; B:4,50,2006,N/a,,"World War II, Resistance in the Netherlands"
RoboCop (1987),4.0,2.5,3,RoboCop's hacking metal middle finger,,A:4; B:2.5; J:3+1 green leather miniskirt motorcycle jacket outfit covered in cocaine,51,1987,N/a,,"War on Crime, ""future"" Detroit"
Paths of Glory (1957),5.0,5.0,4,Mireau's periscope binoculars,,A:5; B:5; J:4+1 dirt clod that flew unseen over the trench top,52,1957,N/a,,World War I
Letters from Iwo Jima (2006),4.5,4.5,4,Kuribayashi's gift Colt .45 pistol,,A:4.5; B:4.5; J:4+a thousand-stitch belt,53,2006,N/a,,"World War II, Battle of Iwo Jima, defenders' perspective"
Flags of Our Fathers (2006),2.0,2.0,3,Relationships between father and son,,A:2; B:2; J:3,54,2006,N/a,,"World War II, Battle of Iwo Jima; US homefront politics"
Inglourious Basterds (2009),4.0,2.5,2.5,Bridget von Hammersmark's high-heel thigh-high cast,,A:4; B:2.5 with a bleeding foot in the half cast; J:2.5,55,2009,,,World War II alternate history
Salvador (1986),3.0,3.0,2.75,The unattainable c�dula,,A:3; B:3; J:2.75+.25 ASPCA badges,56,1986,N/a,,"Bosnian War, rescuing downed Navy pilot"
Behind Enemy Lines (2001),1.5,1.5,2.5,The red Jell-O cup of boredom,,A:1.5; J:1.5; B:2.5,57,2001,N/a,,Hyborian War on genocidal snake magicians (Fantasy)
Conan the Barbarian (1982),4.0,2.0,3.5,Cannibal soup hands,,A:4; B:2; J:3.5,58,1982,N/a,,"Vietnam War, civilian experience"
Heaven and Earth (1993),4.5,4.0,5,Shitty wind-up panda cymbalist,,A:4.5; B:4; J:5,59,1993,N/a,,Iraq War looking for WMDs
Green Zone (2010),2.0,2.5,2,Printed PowerPoint Presentation,https://www.reddit.com/r/FriendlyFirePodcast/comments/aw3xxy/ep_60_green_zone_2010/,,60,2010,N/a,,"WWII: Anyway, we delivered the bomb, then sank"
USS Indianapolis: Men of Courage (2016),1.0,1.0,1,Fake life-raft piano keys,,"A:1; B:1 single foam key played with 3 fingers out of key; J:1 plinked b-flat eighth-note, no sustain",61,2016,Netflix,,WWII B-17 over Europe
Memphis Belle (1990),3.0,2.0,3.5,Flak-ruptured thermoses of tomato soup,,A:3; B:2+1 of barfed mystery soup; J:3.5,62,1990,N/a,,WWII British POWs in Asia
The Bridge on the River Kwai (1957),5.0,5.0,5,Convalescent beach martinis,,A:5; B:5; J:5,63,1957,Sony crackle,,"The classic story of English POWs in Burma forced to build a bridge to aid the war effort of their Japanese captors. British and American intelligence officers conspire to blow up the structure, but Col. Nicholson , the commander who supervised the bridge's construction, has acquired a sense of pride in his creation and tries to foil their plans."
Predator (1987),4.5,4.0,3.5,Hawkins' comic books,,A:4.5; B:4; J:3.5,64,1987,N/a,,War against commando-hunting alien in Central America
Battle for Incheon: Operation Chromite (2016),1.75,2.0,2.5,MacArthurian Ladders,,A:1.75; B:2; J:2.5 (2+one of those little ones from Lowe's),65,2016,,,Korean War: Battle for Incheon
Dunkirk (2017),3.5,4.0,3,Deadstick Spitfires,,A:3.5; B:4; J:3,66,2017,,,WWII: Evacuating Allied troops from Dunkirk
Darkest Hour (2017),4.5,3.0,3,Up-your-bum backward V signs,,A:4.5; B:3; J:3,67,2017,N/a,,WWII: Churchill's rise
The Key (1958),5.0,4.5,5,Christmas trees with lit birthday candles,,A:5; B:4.5; J:5,68,1958,N/a,,"WWII: Dueling tugboats, Battle of the Atlantic"
Redbad (2018),2.5,0.5,1.5,Wilhelm Screams,,,69,2018,Prime,,"Frisian war against encroaching Frankish influence, 754 AD"
Crash Dive (1943),4.0,3.5,2.5,Smoking Lamps,,,70,1943,N/a,,"A US Navy submarine, the USS Corsair, is operating in the North Atlantic, hunting German merchant raiders that are preying on Allied shipping. Its new executive officer, Lt. Ward Stewart (Power), has been transferred back into submarines after commanding his own PT boat. At the submarine base in New London, Connecticut, he asks his new captain, Lt. Cmdr. Dewey Connors (Andrews), for a weekend leave to settle his affairs before taking up his new assignment. On a train bound for Washington D.C., Stewart accidentally encounters New London school teacher Jean Hewlett (Baxter) and her students. Despite her initial resistance to his efforts, he charms her and they fall in love."
Thirty Seconds Over Tokyo (1944),4.0,3.0,3,Hat piles,,,71,1944,N/a,,"In the wake of Pearl Harbor, a young lieutenant leaves his expectant wife to volunteer for a secret bombing mission which will take the war to the Japanese homeland."
Come and See (1985),4.0,5.0,6,Cauldrons,,,72,1985,N/a,,"The invasion of a village in Byelorussia by German forces sends young Florya into the forest to join the weary Resistance fighters, against his family's wishes. There he meets a girl, Glasha, who accompanies him back to his village. On returning home, Florya finds his family and fellow peasants massacred. His continued survival amidst the brutal debris of war becomes increasingly nightmarish, a battle between despair and hope."
https://maximumfun.org/episodes/friendly-fire/friendly-fire-ep-73-promise-2016/,4.5,3.5,4,Armenian streetfight cabbages,,,73,2016,N/a,,"Set during the last days of the Ottoman Empire, a love triangle develops between Mikael, a brilliant medical student, the beautiful and sophisticated artist Ana, and Chris, a renowned American journalist based in Paris."
The Hurt Locker (2008),5.0,3.5,4.25,Bomb suits,,,74,2008,,,
The Sum of All Fears (2002),4.5,4.5,3.5,Containers of ice piss,,,75,2002,N/a,,"When the president of Russia suddenly dies, a man whose politics are virtually unknown succeeds him. The change in political leaders sparks paranoia among American CIA officials, so CIA director Bill Cabot recruits a young analyst to supply insight and advice on the situation. Then the unthinkable happens: a nuclear bomb explodes in a U.S. city, and America is quick to blame the Russians."
Red Cliff (2008),4.5,4.0,4,Straw boats,https://www.reddit.com/r/FriendlyFirePodcast/comments/c38p2n/ep_76_red_cliff_2008/,,76,2008,N/a,,"In 208 A.D., in the final days of the Han Dynasty, shrewd Prime Minster Cao convinced the fickle Emperor Han the only way to unite all of China was to declare war on the kingdoms of Xu in the west and East Wu in the south. Thus began a military campaign of unprecedented scale. Left with no other hope for survival, the kingdoms of Xu and East Wu formed an unlikely alliance."
The Night of the Shooting Stars (1982),2.5,4.0,4,Packs of American cigarettes,https://www.reddit.com/r/FriendlyFirePodcast/comments/c6ikyl/ep_77_the_night_of_the_shooting_stars_1982/,,77,1982,N/a,,"The Night of San Lorenzo, the night of the shooting stars, is the night when dreams come true in Italian folklore. In 1944, a group of Italians flee their town after hearing rumours that the Nazis plan to blow it up and that the Americans are about to arrive to liberate them."
Raiders of the Lost Ark (1981),5.0,4.5,5,Nun-chuck coat hangers,https://www.reddit.com/r/FriendlyFirePodcast/comments/c9eg4u/ep_78_raiders_of_the_lost_ark_1981/,,78,1981,,,
The Great Escape (1963),4.0,4.5,3,Cans of milk,https://www.reddit.com/r/FriendlyFirePodcast/comments/cc8ruc/ep_79_the_great_escape_1963/,,79,1963,Prime,,"The Nazis, exasperated at the number of escapes from their prison camps by a relatively small number of Allied prisoners, relocate them to a high-security 'escape-proof' camp to sit out the remainder of the war. Undaunted, the prisoners plan one of the most ambitious escape attempts of World War II. Based on a true story."
A Private War (2018),4.5,4.0,4.25,Gym membership cards,https://www.reddit.com/r/FriendlyFirePodcast/comments/cf6b3t/ep_80_a_private_war_2018/,,80,2018,,,
Casualties of War (1989),1.0,2.5,2.5,Dubious mangoes,https://www.reddit.com/r/FriendlyFirePodcast/comments/ci1b1c/ep_81_casualties_of_war_1989/,,81,1989,,,
The Ottoman Lieutenant (2017),2.0,1.5,2.5,Trucks,https://www.reddit.com/r/FriendlyFirePodcast/comments/cl37ok/ep_82_the_ottoman_lieutenant_2017/,,82,2017,N/a,,"Lillie, a determined American woman, ventures overseas to join Dr. Jude at a remote medical mission in the Ottoman Empire (now Turkey). However, Lillie soon finds herself at odds with Jude and the mission�s founder, Woodruff, when she falls for the titular military man, Ismail, just as the war is about to erupt."
The Patriot (2000),2.0,2.5,3,Broken rocking chairs,https://www.reddit.com/r/FriendlyFirePodcast/comments/co16nw/ep_83_the_patriot_2000/,,83,2000,,,
Hacksaw Ridge (2016),3.5,1.5,2,Jack-in-a-box men,https://www.reddit.com/r/FriendlyFirePodcast/comments/cr5aht/ep_84_hacksaw_ridge_2016/,,84,2016,N/a,,"WWII American Army Medic Desmond T. Doss, who served during the Battle of Okinawa, refuses to kill people and becomes the first Conscientious Objector in American history to receive the Congressional Medal of Honor."
Outside the Law (2010),4.0,4.0,4.5,Clothesline garrotes,https://www.reddit.com/r/FriendlyFirePodcast/comments/cucobe/ep_85_outside_the_law_2010/,,85,2010,N/a,,"After losing their family home in Algeria in the 1920s, three brothers and their mother are scattered across the globe. Messaoud joins the French army fighting in Indochina; Abdelkader becomes a leader of the Algerian independence movement in France and Sa�d moves to Paris to make his fortune in the shady clubs and boxing halls of Pigalle."
The Big Red One (1980),4.0,4.0,2.5,Big red balls,https://www.reddit.com/r/FriendlyFirePodcast/comments/cxfkef/ep_86_the_big_red_one_1980/,,86,1980,N/a,,"A veteran sergeant of the World War I leads a squad in World War II, always in the company of the survivor Pvt. Griff, the writer Pvt. Zab, the Sicilian Pvt. Vinci and Pvt. Johnson in Vichy French Africa, Sicily, D-Day at Omaha Beach, Belgium and France, ending in a concentration camp in Czechoslovakia where they face the true horror of war."
Lebanon (2009),4.0,4.5,2.5,Soup croutons,https://www.reddit.com/r/FriendlyFirePodcast/comments/d0f1uw/ep_87_lebanon_2009/,,87,2009,N/a,,"During the First Lebanon War in 1982, a lone tank and a paratroopers platoon are dispatched to search a hostile town."
Forrest Gump (1994),2.0,2.0,2,Bottles of Dr. Pepper,https://www.reddit.com/r/FriendlyFirePodcast/comments/d3mrtw/episode_88_forrest_gump_1994/,,88,1994,N/a,,"A man with a low IQ has accomplished great things in his life and been present during significant historic events�in each case, far exceeding what anyone imagined he could do. But despite all he has achieved, his one true love eludes him."
Zero Dark Thirty (2012),4.5,4.0,5,Dog collars,https://www.reddit.com/r/FriendlyFirePodcast/comments/d6ta14/ep_89_zero_dark_thirty_2012/,,89,2012,N/a,,"A chronicle of the decade-long hunt for al-Qaeda terrorist leader Osama bin Laden after the September 2001 attacks, and his death at the hands of the Navy S.E.A.L. Team 6 in May, 2011."
The Mouse That Roared (1959),4.0,4.0,3.5,Pieces of bomb footage,https://www.reddit.com/r/FriendlyFirePodcast/comments/d9y50z/ep_90_the_mouse_that_roared_1959/,,90,1959,N/a,,"The Duchy of Grand Fenwick decides that the only way to get out of their economic woes is to declare war on the United States, lose and accept foreign aid. They send an invasion force to New York (armed with longbows) which arrives during a nuclear drill that has cleared the streets."
They Were Expendable (1945),3.75,3.0,4,Cantinas,https://www.reddit.com/r/FriendlyFirePodcast/comments/dd4upj/ep_91_they_were_expendable_1945/,,91,1945,N/a,,"Shortly after Pearl Harbor, a squadron of PT-boat crews in the Philippines must battle the Navy brass between skirmishes with the Japanese. The title says it all about the Navy's attitude towards the PT-boats and their crews."
The Sun (2005),4.5,4.5,4.5,Hershey Bars with almonds,https://www.reddit.com/r/FriendlyFirePodcast/comments/dgd183/ep_92_the_sun_2005/,,92,2005,N/a,,"Third part in Aleksandr Sokurov's quadrilogy of Power, following Moloch (1999) and Taurus (2001), focuses on Japanese Emperor Hirohito and Japan's defeat in World War II when he is finally confronted by General Douglas MacArthur who offers him to accept a diplomatic defeat for survival."
Eye in the Sky (2015),4.25,4.45,4.6,Stars,https://www.reddit.com/r/FriendlyFirePodcast/comments/djlk7g/ep_93_eye_in_the_sky_2015/,Rating used % CBD,93,2015,kanopy,,"A UK-based military officer in command of a top secret drone operation to capture terrorists in Kenya discovers the targets are planning a suicide bombing and the mission escalates from �capture� to �kill.� As American pilot Steve Watts is about to engage, a nine-year old girl enters the kill zone, triggering an international dispute reaching the highest levels of US and British government over the moral, political, and personal implications of modern warfare."
The Bridge at Remagen (1969),4.5,4.5,4.5,Gold Cigarette Cases,https://www.reddit.com/r/FriendlyFirePodcast/comments/dmv9na/friendly_fire_ep_94_the_bridge_at_remagen_1969/,,94,1969,,,
Beasts of No Nation (2015),5.0,5.0,5,Short-sleeved white suit-jackets,https://www.reddit.com/r/FriendlyFirePodcast/comments/dq2v05/ep_95_beasts_of_no_nation_2005/,,95,2015,,,
Captain America: The First Avenger (2011),2.0,1.5,1.5,Dummy grenades,https://www.reddit.com/r/FriendlyFirePodcast/comments/dtcvmh/ep_96_captain_america_the_first_avenger_2011/,,96,2011,,,
Top Secret! (1984),4.5,2.5,2,Pigeon statues,https://www.reddit.com/r/FriendlyFirePodcast/comments/dwpz52/ep_97_top_secret_1984/,,97,1984,,,
Alexander (2004),4.25,2.5,3.5,Monkeys that are not little people,https://www.reddit.com/r/FriendlyFirePodcast/comments/dzzifk/ep_98_alexander_2004/,,98,2004,,,
Major Dundee (1965),4.5,3.5,3.75,Howitzers,https://www.reddit.com/r/FriendlyFirePodcast/comments/e3e5yu/ep_99_major_dundee_1965/,,99,1965,N/a,,"During the last winter of the Civil War, cavalry officer Amos Dundee leads a contentious troop of Army regulars, Confederate prisoners and scouts on an expedition into Mexico to destroy a band of Apaches who have been raiding U.S. bases in Texas."
Tora! Tora! Tora! (1970),4.5,5.0,4,Hot dogs,https://www.reddit.com/r/FriendlyFirePodcast/comments/e6xk0k/ep_100_tora_tora_tora_1970/,,100,1970,,,
Hamburger Hill (1987),4.0,2.0,2.5,Helmets,https://www.reddit.com/r/FriendlyFirePodcast/comments/ea2t7r/ep_101_hamburger_hill_1987/,,101,1987,,,
Anthropoid (2016),4.25,4.25,4,Clips,https://www.reddit.com/r/FriendlyFirePodcast/comments/ed97jw/ep_102_anthropoid_2016/,John gave an additional bullet,102,2016,,,
Das Boot (1981),5.0,5.0,4.5,Moldy beads on a string,https://www.reddit.com/r/FriendlyFirePodcast/comments/eg9oxa/episode_103_das_boot_1981/,Ben rated out of hanging sponges,103,1981,N/a,,"A German submarine hunts allied ships during the Second World War, but it soon becomes the hunted. The crew tries to survive below the surface, while stretching both the boat and themselves to their limits."
A Bridge Too Far (1977),4.5,4.5,4.5,Canvas boots,https://www.reddit.com/r/FriendlyFirePodcast/comments/ejcxav/episode_104_a_bridge_too_far_1977/,,104,1977,Prime,,"A Bridge Too Far tells the story of Operation Market Garden, the failed attempt by the allies to end the war quickly by securing three bridges in Holland and allowing access over the Rhine into Germany. A combination of poor allied intelligence and the presence of two crack German Panzer divisions meant that the final part of this operation (the bridge in Arnhem over the Rhine, the titular 'bridge too far') was doomed to failure."
North West Frontier (1959),3.9,4.0,3,Babies,https://www.reddit.com/r/FriendlyFirePodcast/comments/empqnk/episode_105_north_west_frontier_1959/,,105,1959,,,
Behold a Pale Horse (1964),3.5,3.5,2.5,Hiccups,https://www.reddit.com/r/FriendlyFirePodcast/comments/epzdw2/ep_106_behold_a_pale_horse_1964/,,106,1964,N/a,,"Manuel Artiguez, a famous bandit during the Spanish civil war, has lived in French exile for 20 years. When his mother is dying he considers visiting her secretly in his Spanish home town. But his biggest enemy, the Spanish police officer Vinolas, prepared a trap at the hospital as a chance to finally catch Artiguez."
Stalingrad (2013),4.0,2.0,4.5,Fathers,https://www.reddit.com/r/FriendlyFirePodcast/comments/et9845/ep_107_stalingrad_2013/,,107,2013,N/a,,"Drama set in 1942, during one of the most important battles of World War II, which stopped the progress of Nazi forces and turned the tide of war in favor of the Allies. The Soviet army mounts a counter-attack on the Nazi forces that occupy half of Stalingrad on the other side of the Volga, but the operation to cross the river is unsuccessful. A few soldiers who managed to get to the other side take refuge in a house on the bank of Volga. Here they find a girl who didn�t escape when the Germans came. While the whole might of the German army descends onto them, the heroes of Stalingrad experience love, loss, joy and the sense of ultimate freedom that can only be felt by those about to die. They defend the house at all costs while the Red Army prepares for another attack."
K-19: The Widowmaker (2002),4.25,3.5,3.25,Intact champagne bottles,https://www.reddit.com/r/FriendlyFirePodcast/comments/ewn2u3/ep_108_k19_the_widowmaker_2002/,,108,2002,N/a,,"When Russia's first nuclear submarine malfunctions on its maiden voyage, the crew must race to save the ship and prevent a nuclear disaster."
1917 (2019),5.0,4.0,3.75,Forever tainted canteens,https://www.reddit.com/r/FriendlyFirePodcast/comments/f080vt/ep_109_1917_2019/,,109,2019,N/a,,"At the height of the First World War, two young British soldiers must cross enemy territory and deliver a message that will stop a deadly attack on hundreds of soldiers."
Air Force (1943),4.25,3.5,3.8,Stingers,https://www.reddit.com/r/FriendlyFirePodcast/comments/f3qyaz/ep_110_air_force_1943/,,110,1943,N/a,,"Russian terrorists conspire to hijack the aircraft with the president and his family on board. The commander in chief finds himself facing an impossible predicament: give in to the terrorists and sacrifice his family, or risk everything to uphold his principles - and the integrity of the nation."
The English Patient (1996),5.0,5.0,5,Bombs,https://www.reddit.com/r/FriendlyFirePodcast/comments/f7a44f/ep_111_the_english_patient_1996/,,111,1996,N/a,,"In the 1930s, Count Alm�sy is a Hungarian map maker employed by the Royal Geographical Society to chart the vast expanses of the Sahara Desert along with several other prominent explorers. As World War II unfolds, Alm�sy enters into a world of love, betrayal, and politics."
Gallipoli (1981),4.5,4.0,3.5,Unknown,https://www.reddit.com/r/FriendlyFirePodcast/comments/fatzyj/ep_112_gallipoli_1981/,,112,1981,Prime,,"As World War I rages, brave and youthful Australians Archy and Frank�both agile runners�become friends and enlist in the Australian and New Zealand Army Corps together. They later find themselves part of the Dardanelles Campaign on the Gallipoli peninsula, a brutal eight-month conflict which pit the British and their allies against the Ottoman Empire and left over 500,000 men dead."
Action in the North Atlantic (1943),4.0,3.0,4.5,After dinner baths,https://www.reddit.com/r/FriendlyFirePodcast/comments/febiet/ep_113_action_in_the_north_atlantic_1943/,,113,1943,N/a,,Lieutenant Joe Rossi is 1st Officer on a Liberty Ship in a great convoy bound from Halifax to Murmansk. After German subs crushed the convoy his ship loses the convoy and is heading alone to Murmansk. In spite of attacks by German planes and subs he get the ship safely to Murmansk.
War Witch (2012),4.0,4.0,4,White roosters,https://www.reddit.com/r/FriendlyFirePodcast/comments/fhwjm0/ep_114_war_witch_2012/,,114,2012,N/a,,"Somewhere in Sub-Saharan Africa, Komona a 14-year-old girl tells her unborn child growing inside her the story of her life since she has been at war. Everything started when she was abducted by the rebel army at the age of 12."
Pan�s Labyrinth (2006),4.5,5.0,4.5,Pieces of chalk,https://www.reddit.com/r/FriendlyFirePodcast/comments/flt5kn/ep_115_pans_labyrinth_2006/,,115,2006,N/a,,"Living with her tyrannical stepfather in a new home with her pregnant mother, 10-year-old Ofelia feels alone until she explores a decaying labyrinth guarded by a mysterious faun who claims to know her destiny. If she wishes to return to her real father, Ofelia must complete three terrifying tasks."
Lawrence of Arabia (1962),5.0,5.0,5,Motorcycles,https://www.reddit.com/r/FriendlyFirePodcast/comments/fpushm/ep_116_lawrence_of_arabia_1962/,,116,1962,Sony crackle,,"The story of British officer T.E. Lawrence's mission to aid the Arab tribes in their revolt against the Ottoman Empire during the First World War. Lawrence becomes a flamboyant, messianic figure in the cause of Arab unity but his psychological instability threatens to undermine his achievements."
The Adventures of Gerard (1970),2.0,1.0,1,Legion of Honor stars,https://www.reddit.com/r/FriendlyFirePodcast/comments/fu53dc/ep_117_the_adventures_of_gerard_1970/,,117,1970,,https://www.imdb.com/title/tt0065375/,Napoleonic Wars (Comedy)
The Guns of,,,,,,,,,,,
  Navarone (1961),4.5,4.0,3.75,Nazi dummies,https://www.reddit.com/r/FriendlyFirePodcast/comments/fydlko/ep_118_the_guns_of_navarone_1961/,,118,1961,https://www.justwatch.com/us/movie/the-guns-of-navarone,https://www.imdb.com/title/tt0054953/,A British team is sent to cross occupied
  Greek territory and destroy the massive German gun emplacement that commands,,,,,,,,,,,
  a key sea channel.,,,,,,,,,,,
Black Hawk Down,,,,,,,,,,,
-2001,4.25,3.0,4,Humvees,https://www.reddit.com/r/FriendlyFirePodcast/comments/g2xdpj/ep_119_black_hawk_down_2001/,,119,2001,https://www.justwatch.com/us/movie/black-hawk-down,https://www.imdb.com/title/tt0265086/?ref_=fn_al_tt_1,160 elite U.S. soldiers drop into Somalia to
  capture two top lieutenants of a renegade warlord and find themselves in a,,,,,,,,,,,
  desperate battle with a large force of heavily-armed Somalis.,,,,,,,,,,,
Cross of Iron (1977),4.5,4.0,4.5,Crosses of Irons,https://www.reddit.com/r/FriendlyFirePodcast/comments/g75kk9/ep_120_cross_of_iron_1977/,,120,1977,https://www.justwatch.com/us/movie/cross-of-iron,https://www.imdb.com/title/tt0074695/,"It is 1943, and the German army—ravaged and demoralised—is hastily"
"  retreating from the Russian front. In the midst of the madness, conflict",,,,,,,,,,,
  brews between the aristocratic yet ultimately pusillanimous Captain Stransky,,,,,,,,,,,
  and the courageous Corporal Steiner. Stransky is the only man who believes,,,,,,,,,,,
"  that the Third Reich is still vastly superior to the Russian army. However,",,,,,,,,,,,
  within his pompous persona lies a quivering coward who longs for the Iron,,,,,,,,,,,
"  Cross so that he can return to Berlin a hero. Steiner, on the other hand is",,,,,,,,,,,
"  cynical, defiantly non-conformist and more concerned with the safety of his",,,,,,,,,,,
  own men rather than the horde of military decorations offered to him by his,,,,,,,,,,,
  superiors.,,,,,,,,,,,
"Good Morning, Vietnam (1987)",4.5,3.5,3,Green suits,https://www.reddit.com/r/FriendlyFirePodcast/comments/gbf0bp/ep_121_good_morning_vietnam_1987/,,121,1987,https://www.justwatch.com/us/movie/good-morning-vietnam,https://www.imdb.com/title/tt0093105/,"In 1965, an unorthodox and irreverent DJ named Adrian Cronauer begins to shake up things when he is assigned to the U.S. Armed Services radio station in Vietnam."
The Steel Helmet,,,,,,,,,,,
-1951,4.0,4.0,3.75,Handfuls of dirt,https://www.reddit.com/r/FriendlyFirePodcast/comments/gfr8id/ep_122_the_steel_helmet_1951/,,122,1951,https://www.justwatch.com/us/movie/the-steel-helmet,https://www.imdb.com/title/tt0044072/?ref_=nv_sr_srsg_0,A ragtag group of American stragglers battles
  against superior Communist troops in an abandoned Buddhist temple during the,,,,,,,,,,,
  Korean War.,,,,,,,,,,,
Fixed Bayonets!,,,,,,,,,,,
-1951,,,,,https://www.reddit.com/r/FriendlyFirePodcast/comments/gk6g31/ep_123_fixed_bayonets_1951/,,123,1951,https://www.justwatch.com/us/movie/fixed-bayonets,https://www.imdb.com/title/tt0043540/?ref_=fn_al_tt_1,The story of a platoon during the Korean War.
  One by one Corporal Denno's superiors are killed until it comes to the point,,,,,,,,,,,
  where he must try to take command responsibility.,,,,,,,,,,,
The Night of the,,,,,,,,,,,
  Generals (1967),4.25,4.5,3.75,Red stripes,https://www.reddit.com/r/FriendlyFirePodcast/comments/goh5wd/ep_124_the_night_of_the_generals_1967/,,124,1967,https://www.justwatch.com/us/movie/the-night-of-the-generals,https://www.imdb.com/title/tt0062038/?ref_=fn_al_tt_1,"In 1942, a Polish prostitute and German Agent"
"  is murdered in Warsaw. Suspicion falls on three Generals, and Major Grau",,,,,,,,,,,
  (Omar Sharif) of German Intelligence seeks justice which ends up taking,,,,,,,,,,,
  decades.,,,,,,,,,,,
